target,fold,model,test_start,test_end,n_test,positive_rate,precision,recall,f1,pr_auc
NextVolSpike,1,Majority,2019-01-02,2019-04-02,882,0.2494331065759637,0.0,0.0,0.0,
NextVolSpike,1,Persistence,2019-01-02,2019-04-02,882,0.2494331065759637,0.7161572052401747,0.7454545454545455,0.7305122494432071,
NextVolSpike,1,LogisticRegression,2019-01-02,2019-04-02,882,0.2494331065759637,0.6511627906976745,0.8909090909090909,0.7523992322456814,0.8456610780979325
NextVolSpike,1,LightGBM,2019-01-02,2019-04-02,882,0.2494331065759637,0.66,0.9,0.7615384615384615,0.864478409471227
NextVolSpike,1,XGBoost,2019-01-02,2019-04-02,882,0.2494331065759637,0.7068273092369478,0.8,0.7505330490405118,0.8519801850032369
NextVolSpike,1,MatchedNaive,2019-01-02,2019-04-02,882,0.2494331065759637,0.8701298701298701,0.9136363636363637,0.8913525498891353,0.9298402249432978
NextVolSpike,1,HAR,2019-01-02,2019-04-02,882,0.2494331065759637,0.868995633187773,0.9045454545454545,0.8864142538975501,0.9220525380603157
NextVolSpike,2,Majority,2019-04-03,2019-07-02,882,0.19727891156462585,0.0,0.0,0.0,
NextVolSpike,2,Persistence,2019-04-03,2019-07-02,882,0.19727891156462585,0.4580152671755725,0.3448275862068966,0.39344262295081966,
NextVolSpike,2,LogisticRegression,2019-04-03,2019-07-02,882,0.19727891156462585,0.4660633484162896,0.5919540229885057,0.5215189873417722,0.4880417212262715
NextVolSpike,2,LightGBM,2019-04-03,2019-07-02,882,0.19727891156462585,0.5252100840336135,0.7183908045977011,0.6067961165048543,0.5670963739062032
NextVolSpike,2,XGBoost,2019-04-03,2019-07-02,882,0.19727891156462585,0.5642458100558659,0.5804597701149425,0.5722379603399433,0.5566032756978317
NextVolSpike,2,MatchedNaive,2019-04-03,2019-07-02,882,0.19727891156462585,0.8465909090909091,0.8563218390804598,0.8514285714285714,0.8890043360690721
NextVolSpike,2,HAR,2019-04-03,2019-07-02,882,0.19727891156462585,0.8628571428571429,0.867816091954023,0.8653295128939829,0.8899100721199753
NextVolSpike,3,Majority,2019-07-03,2019-10-01,882,0.20068027210884354,0.0,0.0,0.0,
NextVolSpike,3,Persistence,2019-07-03,2019-10-01,882,0.20068027210884354,0.5789473684210527,0.4350282485875706,0.4967741935483871,
NextVolSpike,3,LogisticRegression,2019-07-03,2019-10-01,882,0.20068027210884354,0.5555555555555556,0.8192090395480226,0.6621004566210046,0.6627749952234115
NextVolSpike,3,LightGBM,2019-07-03,2019-10-01,882,0.20068027210884354,0.5275862068965518,0.864406779661017,0.6552462526766595,0.6791797022512376
NextVolSpike,3,XGBoost,2019-07-03,2019-10-01,882,0.20068027210884354,0.5958333333333333,0.807909604519774,0.6858513189448441,0.6886581675828964
NextVolSpike,3,MatchedNaive,2019-07-03,2019-10-01,882,0.20068027210884354,0.8685714285714285,0.8587570621468926,0.8636363636363636,0.8867108282631883
NextVolSpike,3,HAR,2019-07-03,2019-10-01,882,0.20068027210884354,0.8520710059171598,0.8135593220338984,0.8323699421965318,0.8803276299880799
NextVolSpike,4,Majority,2019-10-02,2019-12-31,882,0.049886621315192746,0.0,0.0,0.0,
NextVolSpike,4,Persistence,2019-10-02,2019-12-31,882,0.049886621315192746,0.19117647058823528,0.29545454545454547,0.23214285714285715,
NextVolSpike,4,LogisticRegression,2019-10-02,2019-12-31,882,0.049886621315192746,0.18181818181818182,0.36363636363636365,0.24242424242424243,0.44406742633410673
NextVolSpike,4,LightGBM,2019-10-02,2019-12-31,882,0.049886621315192746,0.32323232323232326,0.7272727272727273,0.44755244755244755,0.4949421452908644
NextVolSpike,4,XGBoost,2019-10-02,2019-12-31,882,0.049886621315192746,0.36764705882352944,0.5681818181818182,0.44642857142857145,0.49289444687475165
NextVolSpike,4,MatchedNaive,2019-10-02,2019-12-31,882,0.049886621315192746,0.782608695652174,0.8181818181818182,0.8,0.8697750284436828
NextVolSpike,4,HAR,2019-10-02,2019-12-31,882,0.049886621315192746,0.8043478260869565,0.8409090909090909,0.8222222222222222,0.8778766030702054
NextVolSpike,5,Majority,2020-01-02,2020-04-01,882,0.562358276643991,0.0,0.0,0.0,
NextVolSpike,5,Persistence,2020-01-02,2020-04-01,882,0.562358276643991,0.9364035087719298,0.8608870967741935,0.8970588235294118,
NextVolSpike,5,LogisticRegression,2020-01-02,2020-04-01,882,0.562358276643991,0.9036608863198459,0.9455645161290323,0.9241379310344827,0.982672103784421
NextVolSpike,5,LightGBM,2020-01-02,2020-04-01,882,0.562358276643991,0.8978805394990366,0.9395161290322581,0.9182266009852217,0.9829720161291075
NextVolSpike,5,XGBoost,2020-01-02,2020-04-01,882,0.562358276643991,0.9344262295081968,0.9193548387096774,0.926829268292683,0.9823710011501997
NextVolSpike,5,MatchedNaive,2020-01-02,2020-04-01,882,0.562358276643991,0.9688796680497925,0.9415322580645161,0.9550102249488752,0.9892038676207526
NextVolSpike,5,HAR,2020-01-02,2020-04-01,882,0.562358276643991,0.9665271966527197,0.9314516129032258,0.9486652977412731,0.9875496457926174
NextVolSpike,6,Majority,2020-04-02,2020-07-01,882,0.735827664399093,0.0,0.0,0.0,
NextVolSpike,6,Persistence,2020-04-02,2020-07-01,882,0.735827664399093,0.9107692307692308,0.9121725731895224,0.9114703618167821,
NextVolSpike,6,LogisticRegression,2020-04-02,2020-07-01,882,0.735827664399093,0.7866666666666666,1.0,0.8805970149253731,0.978271654078464
NextVolSpike,6,LightGBM,2020-04-02,2020-07-01,882,0.735827664399093,0.8443271767810027,0.9861325115562404,0.9097370291400142,0.9818228538721034
NextVolSpike,6,XGBoost,2020-04-02,2020-07-01,882,0.735827664399093,0.875,0.9707241910631741,0.9203798392987582,0.9793839609080881
NextVolSpike,6,MatchedNaive,2020-04-02,2020-07-01,882,0.735827664399093,0.9740458015267176,0.9830508474576272,0.9785276073619632,0.9961358461983322
NextVolSpike,6,HAR,2020-04-02,2020-07-01,882,0.735827664399093,0.9724349157733537,0.9784283513097073,0.9754224270353302,0.9954662140042259
NextVolSpike,7,Majority,2020-07-02,2020-09-30,882,0.6009070294784581,0.0,0.0,0.0,
NextVolSpike,7,Persistence,2020-07-02,2020-09-30,882,0.6009070294784581,0.885,0.6679245283018868,0.7612903225806451,
NextVolSpike,7,LogisticRegression,2020-07-02,2020-09-30,882,0.6009070294784581,0.723994452149792,0.9849056603773585,0.8345323741007195,0.9346473851275312
NextVolSpike,7,LightGBM,2020-07-02,2020-09-30,882,0.6009070294784581,0.7369942196531792,0.9622641509433962,0.8346972176759411,0.9337389420954786
NextVolSpike,7,XGBoost,2020-07-02,2020-09-30,882,0.6009070294784581,0.7613981762917933,0.9452830188679245,0.8434343434343434,0.9244871880972623
NextVolSpike,7,MatchedNaive,2020-07-02,2020-09-30,882,0.6009070294784581,0.9226415094339623,0.9226415094339623,0.9226415094339623,0.9660915036043759
NextVolSpike,7,HAR,2020-07-02,2020-09-30,882,0.6009070294784581,0.9252873563218391,0.9113207547169812,0.9182509505703422,0.9691217721536929
NextVolSpike,8,Majority,2020-10-01,2020-12-30,882,0.40476190476190477,0.0,0.0,0.0,
NextVolSpike,8,Persistence,2020-10-01,2020-12-30,882,0.40476190476190477,0.7888563049853372,0.7535014005602241,0.7707736389684814,
NextVolSpike,8,LogisticRegression,2020-10-01,2020-12-30,882,0.40476190476190477,0.596551724137931,0.969187675070028,0.7385272145144077,0.867914770099758
NextVolSpike,8,LightGBM,2020-10-01,2020-12-30,882,0.40476190476190477,0.6101694915254238,0.907563025210084,0.7297297297297297,0.8458100204198302
NextVolSpike,8,XGBoost,2020-10-01,2020-12-30,882,0.40476190476190477,0.6299212598425197,0.896358543417367,0.7398843930635838,0.8432930158035654
NextVolSpike,8,MatchedNaive,2020-10-01,2020-12-30,882,0.40476190476190477,0.915068493150685,0.9355742296918768,0.925207756232687,0.9679902241594119
NextVolSpike,8,HAR,2020-10-01,2020-12-30,882,0.40476190476190477,0.9148351648351648,0.9327731092436975,0.9237170596393898,0.9645425108368971
NextVolSpike,9,Majority,2020-12-31,2021-04-01,882,0.3163265306122449,0.0,0.0,0.0,
NextVolSpike,9,Persistence,2020-12-31,2021-04-01,882,0.3163265306122449,0.7230769230769231,0.6738351254480287,0.6975881261595547,
NextVolSpike,9,LogisticRegression,2020-12-31,2021-04-01,882,0.3163265306122449,0.5077519379844961,0.9390681003584229,0.6591194968553459,0.743015208013216
NextVolSpike,9,LightGBM,2020-12-31,2021-04-01,882,0.3163265306122449,0.4597495527728086,0.921146953405018,0.6133651551312649,0.7369613225753747
NextVolSpike,9,XGBoost,2020-12-31,2021-04-01,882,0.3163265306122449,0.4835589941972921,0.8960573476702509,0.628140703517588,0.7410519112738232
NextVolSpike,9,MatchedNaive,2020-12-31,2021-04-01,882,0.3163265306122449,0.8772563176895307,0.8709677419354839,0.8741007194244604,0.9198424368592102
NextVolSpike,9,HAR,2020-12-31,2021-04-01,882,0.3163265306122449,0.8617021276595744,0.8709677419354839,0.8663101604278075,0.9227412808664704
NextVolSpike,10,Majority,2021-04-05,2021-07-01,882,0.04195011337868481,0.0,0.0,0.0,
NextVolSpike,10,Persistence,2021-04-05,2021-07-01,882,0.04195011337868481,0.16666666666666666,0.4594594594594595,0.2446043165467626,
NextVolSpike,10,LogisticRegression,2021-04-05,2021-07-01,882,0.04195011337868481,0.17297297297297298,0.8648648648648649,0.2882882882882883,0.17821716430342296
NextVolSpike,10,LightGBM,2021-04-05,2021-07-01,882,0.04195011337868481,0.12396694214876033,0.8108108108108109,0.21505376344086022,0.20634062586514368
NextVolSpike,10,XGBoost,2021-04-05,2021-07-01,882,0.04195011337868481,0.13106796116504854,0.7297297297297297,0.2222222222222222,0.17514706197400134
NextVolSpike,10,MatchedNaive,2021-04-05,2021-07-01,882,0.04195011337868481,0.6666666666666666,0.7027027027027027,0.6842105263157895,0.793606715492412
NextVolSpike,10,HAR,2021-04-05,2021-07-01,882,0.04195011337868481,0.6829268292682927,0.7567567567567568,0.717948717948718,0.7946308099007722
NextVolSpike,11,Majority,2021-07-02,2021-09-30,882,0.09750566893424037,0.0,0.0,0.0,
NextVolSpike,11,Persistence,2021-07-02,2021-09-30,882,0.09750566893424037,0.3804347826086957,0.4069767441860465,0.39325842696629215,
NextVolSpike,11,LogisticRegression,2021-07-02,2021-09-30,882,0.09750566893424037,0.31896551724137934,0.8604651162790697,0.46540880503144655,0.5196761815345315
NextVolSpike,11,LightGBM,2021-07-02,2021-09-30,882,0.09750566893424037,0.2830188679245283,0.872093023255814,0.42735042735042733,0.45792888776201474
NextVolSpike,11,XGBoost,2021-07-02,2021-09-30,882,0.09750566893424037,0.31627906976744186,0.7906976744186046,0.45182724252491696,0.4676592207597421
NextVolSpike,11,MatchedNaive,2021-07-02,2021-09-30,882,0.09750566893424037,0.8452380952380952,0.8255813953488372,0.8352941176470589,0.8787082671694764
NextVolSpike,11,HAR,2021-07-02,2021-09-30,882,0.09750566893424037,0.8292682926829268,0.7906976744186046,0.8095238095238095,0.8796380826931052
NextVolSpike,12,Majority,2021-10-01,2021-12-30,882,0.23242630385487528,0.0,0.0,0.0,
NextVolSpike,12,Persistence,2021-10-01,2021-12-30,882,0.23242630385487528,0.6650943396226415,0.6878048780487804,0.6762589928057554,
NextVolSpike,12,LogisticRegression,2021-10-01,2021-12-30,882,0.23242630385487528,0.5548780487804879,0.8878048780487805,0.6829268292682927,0.7753186048836207
NextVolSpike,12,LightGBM,2021-10-01,2021-12-30,882,0.23242630385487528,0.5053475935828877,0.9219512195121952,0.6528497409326425,0.7802173212177753
NextVolSpike,12,XGBoost,2021-10-01,2021-12-30,882,0.23242630385487528,0.5489614243323442,0.9024390243902439,0.6826568265682657,0.773767892748387
NextVolSpike,12,MatchedNaive,2021-10-01,2021-12-30,882,0.23242630385487528,0.8502415458937198,0.8585365853658536,0.8543689320388349,0.8966492691389735
NextVolSpike,12,HAR,2021-10-01,2021-12-30,882,0.23242630385487528,0.8640776699029126,0.8682926829268293,0.8661800486618005,0.9027091031592327
NextVolSpike,13,Majority,2021-12-31,2022-03-31,882,0.5,0.0,0.0,0.0,
NextVolSpike,13,Persistence,2021-12-31,2022-03-31,882,0.5,0.8073878627968337,0.6938775510204082,0.7463414634146341,
NextVolSpike,13,LogisticRegression,2021-12-31,2022-03-31,882,0.5,0.6921797004991681,0.9433106575963719,0.7984644913627639,0.8382215151332485
NextVolSpike,13,LightGBM,2021-12-31,2022-03-31,882,0.5,0.6758957654723127,0.9410430839002267,0.7867298578199052,0.8378905492382736
NextVolSpike,13,XGBoost,2021-12-31,2022-03-31,882,0.5,0.7163120567375887,0.9160997732426304,0.8039800995024876,0.8493585943298272
NextVolSpike,13,MatchedNaive,2021-12-31,2022-03-31,882,0.5,0.9267734553775744,0.9183673469387755,0.9225512528473804,0.959884182126317
NextVolSpike,13,HAR,2021-12-31,2022-03-31,882,0.5,0.9189814814814815,0.9002267573696145,0.9095074455899198,0.9552134515246022
NextVolSpike,14,Majority,2022-04-01,2022-07-01,882,0.6326530612244898,0.0,0.0,0.0,
NextVolSpike,14,Persistence,2022-04-01,2022-07-01,882,0.6326530612244898,0.8853932584269663,0.7060931899641577,0.7856430707876371,
NextVolSpike,14,LogisticRegression,2022-04-01,2022-07-01,882,0.6326530612244898,0.7813411078717201,0.9605734767025089,0.8617363344051447,0.9308928872142639
NextVolSpike,14,LightGBM,2022-04-01,2022-07-01,882,0.6326530612244898,0.7723342939481268,0.9605734767025089,0.8562300319488818,0.9436897318194766
NextVolSpike,14,XGBoost,2022-04-01,2022-07-01,882,0.6326530612244898,0.8130841121495327,0.9354838709677419,0.87,0.9457953450959755
NextVolSpike,14,MatchedNaive,2022-04-01,2022-07-01,882,0.6326530612244898,0.9205776173285198,0.9139784946236559,0.9172661870503597,0.9698076596266958
NextVolSpike,14,HAR,2022-04-01,2022-07-01,882,0.6326530612244898,0.9193548387096774,0.9193548387096774,0.9193548387096774,0.9698860523185562
NextVolSpike,15,Majority,2022-07-05,2022-09-30,882,0.3356009070294785,0.0,0.0,0.0,
NextVolSpike,15,Persistence,2022-07-05,2022-09-30,882,0.3356009070294785,0.5633802816901409,0.5405405405405406,0.5517241379310345,
NextVolSpike,15,LogisticRegression,2022-07-05,2022-09-30,882,0.3356009070294785,0.4699828473413379,0.9256756756756757,0.6234357224118316,0.5715802149032201
NextVolSpike,15,LightGBM,2022-07-05,2022-09-30,882,0.3356009070294785,0.4551386623164764,0.9425675675675675,0.6138613861386139,0.5865385336208613
NextVolSpike,15,XGBoost,2022-07-05,2022-09-30,882,0.3356009070294785,0.4882032667876588,0.9087837837837838,0.6351829988193625,0.5871758706955558
NextVolSpike,15,MatchedNaive,2022-07-05,2022-09-30,882,0.3356009070294785,0.8754208754208754,0.8783783783783784,0.8768971332209107,0.9193651812427299
NextVolSpike,15,HAR,2022-07-05,2022-09-30,882,0.3356009070294785,0.8775510204081632,0.8716216216216216,0.8745762711864407,0.9203155612241155
NextVolSpike,16,Majority,2022-10-03,2022-12-30,882,0.4126984126984127,0.0,0.0,0.0,
NextVolSpike,16,Persistence,2022-10-03,2022-12-30,882,0.4126984126984127,0.6742857142857143,0.6483516483516484,0.6610644257703081,
NextVolSpike,16,LogisticRegression,2022-10-03,2022-12-30,882,0.4126984126984127,0.5812395309882747,0.9532967032967034,0.7221644120707597,0.7184902981653082
NextVolSpike,16,LightGBM,2022-10-03,2022-12-30,882,0.4126984126984127,0.5812807881773399,0.9725274725274725,0.7276464542651593,0.7565558997451308
NextVolSpike,16,XGBoost,2022-10-03,2022-12-30,882,0.4126984126984127,0.6081560283687943,0.9423076923076923,0.7392241379310345,0.7674353336865927
NextVolSpike,16,MatchedNaive,2022-10-03,2022-12-30,882,0.4126984126984127,0.8861788617886179,0.8983516483516484,0.8922237380627558,0.9355367414695229
NextVolSpike,16,HAR,2022-10-03,2022-12-30,882,0.4126984126984127,0.888283378746594,0.8956043956043956,0.8919288645690835,0.9319639606011921
NextVolSpike,17,Majority,2023-01-03,2023-04-03,882,0.20634920634920634,0.0,0.0,0.0,
NextVolSpike,17,Persistence,2023-01-03,2023-04-03,882,0.20634920634920634,0.5233644859813084,0.6153846153846154,0.5656565656565656,
NextVolSpike,17,LogisticRegression,2023-01-03,2023-04-03,882,0.20634920634920634,0.4470899470899471,0.9285714285714286,0.6035714285714285,0.6551095118143729
NextVolSpike,17,LightGBM,2023-01-03,2023-04-03,882,0.20634920634920634,0.4201474201474201,0.9395604395604396,0.5806451612903226,0.6943193096212632
NextVolSpike,17,XGBoost,2023-01-03,2023-04-03,882,0.20634920634920634,0.45786516853932585,0.8956043956043956,0.6059479553903345,0.6932281186425391
NextVolSpike,17,MatchedNaive,2023-01-03,2023-04-03,882,0.20634920634920634,0.8287292817679558,0.8241758241758241,0.8264462809917356,0.8877687425004175
NextVolSpike,17,HAR,2023-01-03,2023-04-03,882,0.20634920634920634,0.8361581920903954,0.8131868131868132,0.8245125348189415,0.8760030185584217
NextVolSpike,18,Majority,2023-04-04,2023-07-05,882,0.05442176870748299,0.0,0.0,0.0,
NextVolSpike,18,Persistence,2023-04-04,2023-07-05,882,0.05442176870748299,0.336734693877551,0.6875,0.4520547945205479,
NextVolSpike,18,LogisticRegression,2023-04-04,2023-07-05,882,0.05442176870748299,0.23243243243243245,0.8958333333333334,0.36909871244635195,0.4453095772047721
NextVolSpike,18,LightGBM,2023-04-04,2023-07-05,882,0.05442176870748299,0.2146341463414634,0.9166666666666666,0.34782608695652173,0.431653443367814
NextVolSpike,18,XGBoost,2023-04-04,2023-07-05,882,0.05442176870748299,0.23493975903614459,0.8125,0.3644859813084112,0.46232065467317945
NextVolSpike,18,MatchedNaive,2023-04-04,2023-07-05,882,0.05442176870748299,0.7551020408163265,0.7708333333333334,0.7628865979381443,0.7723283276205986
NextVolSpike,18,HAR,2023-04-04,2023-07-05,882,0.05442176870748299,0.76,0.7916666666666666,0.7755102040816326,0.7724279243792036
NextVolSpike,19,Majority,2023-07-06,2023-10-03,882,0.0691609977324263,0.0,0.0,0.0,
NextVolSpike,19,Persistence,2023-07-06,2023-10-03,882,0.0691609977324263,0.34375,0.5409836065573771,0.42038216560509556,
NextVolSpike,19,LogisticRegression,2023-07-06,2023-10-03,882,0.0691609977324263,0.3046875,0.639344262295082,0.4126984126984127,0.3368575014512664
NextVolSpike,19,LightGBM,2023-07-06,2023-10-03,882,0.0691609977324263,0.2887700534759358,0.8852459016393442,0.43548387096774194,0.4205929486322505
NextVolSpike,19,XGBoost,2023-07-06,2023-10-03,882,0.0691609977324263,0.3,0.7868852459016393,0.4343891402714932,0.43463090485229094
NextVolSpike,19,MatchedNaive,2023-07-06,2023-10-03,882,0.0691609977324263,0.8688524590163934,0.8688524590163934,0.8688524590163934,0.8109532139445251
NextVolSpike,19,HAR,2023-07-06,2023-10-03,882,0.0691609977324263,0.8833333333333333,0.8688524590163934,0.8760330578512396,0.8146836737093679
NextVolSpike,20,Majority,2023-10-04,2024-01-03,882,0.09297052154195011,0.0,0.0,0.0,
NextVolSpike,20,Persistence,2023-10-04,2024-01-03,882,0.09297052154195011,0.48760330578512395,0.7195121951219512,0.5812807881773399,
NextVolSpike,20,LogisticRegression,2023-10-04,2024-01-03,882,0.09297052154195011,0.37823834196891193,0.8902439024390244,0.5309090909090909,0.5720437125304949
NextVolSpike,20,LightGBM,2023-10-04,2024-01-03,882,0.09297052154195011,0.3605769230769231,0.9146341463414634,0.5172413793103449,0.6925848767274012
NextVolSpike,20,XGBoost,2023-10-04,2024-01-03,882,0.09297052154195011,0.4010989010989011,0.8902439024390244,0.553030303030303,0.712095374858923
NextVolSpike,20,MatchedNaive,2023-10-04,2024-01-03,882,0.09297052154195011,0.8780487804878049,0.8780487804878049,0.8780487804878049,0.8508798128457152
NextVolSpike,20,HAR,2023-10-04,2024-01-03,882,0.09297052154195011,0.8860759493670886,0.8536585365853658,0.8695652173913043,0.8557694469740939
NextVolSpike,21,Majority,2024-01-04,2024-04-04,882,0.0963718820861678,0.0,0.0,0.0,
NextVolSpike,21,Persistence,2024-01-04,2024-04-04,882,0.0963718820861678,0.4959349593495935,0.7176470588235294,0.5865384615384616,
NextVolSpike,21,LogisticRegression,2024-01-04,2024-04-04,882,0.0963718820861678,0.46853146853146854,0.788235294117647,0.5877192982456141,0.6607328367998532
NextVolSpike,21,LightGBM,2024-01-04,2024-04-04,882,0.0963718820861678,0.4716981132075472,0.8823529411764706,0.6147540983606558,0.75123657889023
NextVolSpike,21,XGBoost,2024-01-04,2024-04-04,882,0.0963718820861678,0.5748031496062992,0.8588235294117647,0.6886792452830188,0.7683853960189769
NextVolSpike,21,MatchedNaive,2024-01-04,2024-04-04,882,0.0963718820861678,0.8705882352941177,0.8705882352941177,0.8705882352941177,0.8603576228452782
NextVolSpike,21,HAR,2024-01-04,2024-04-04,882,0.0963718820861678,0.8765432098765432,0.8352941176470589,0.8554216867469879,0.8560048037082224
NextVolSpike,22,Majority,2024-04-05,2024-07-05,882,0.11678004535147392,0.0,0.0,0.0,
NextVolSpike,22,Persistence,2024-04-05,2024-07-05,882,0.11678004535147392,0.5,0.6213592233009708,0.5541125541125541,
NextVolSpike,22,LogisticRegression,2024-04-05,2024-07-05,882,0.11678004535147392,0.5136986301369864,0.7281553398058253,0.6024096385542169,0.6786683636731168
NextVolSpike,22,LightGBM,2024-04-05,2024-07-05,882,0.11678004535147392,0.483695652173913,0.8640776699029126,0.6202090592334495,0.7172791580634423
NextVolSpike,22,XGBoost,2024-04-05,2024-07-05,882,0.11678004535147392,0.5240963855421686,0.8446601941747572,0.6468401486988847,0.718684254916327
NextVolSpike,22,MatchedNaive,2024-04-05,2024-07-05,882,0.11678004535147392,0.8921568627450981,0.883495145631068,0.8878048780487805,0.8495111642763002
NextVolSpike,22,HAR,2024-04-05,2024-07-05,882,0.11678004535147392,0.8921568627450981,0.883495145631068,0.8878048780487805,0.8542056961106986
NextVolSpike,23,Majority,2024-07-08,2024-10-03,882,0.17687074829931973,0.0,0.0,0.0,
NextVolSpike,23,Persistence,2024-07-08,2024-10-03,882,0.17687074829931973,0.455,0.5833333333333334,0.5112359550561798,
NextVolSpike,23,LogisticRegression,2024-07-08,2024-10-03,882,0.17687074829931973,0.4349315068493151,0.8141025641025641,0.5669642857142857,0.6271168236827368
NextVolSpike,23,LightGBM,2024-07-08,2024-10-03,882,0.17687074829931973,0.4491803278688525,0.8782051282051282,0.5943600867678959,0.6377774663591891
NextVolSpike,23,XGBoost,2024-07-08,2024-10-03,882,0.17687074829931973,0.47368421052631576,0.8653846153846154,0.6122448979591837,0.6557155541262958
NextVolSpike,23,MatchedNaive,2024-07-08,2024-10-03,882,0.17687074829931973,0.8506493506493507,0.8397435897435898,0.8451612903225807,0.874694799731261
NextVolSpike,23,HAR,2024-07-08,2024-10-03,882,0.17687074829931973,0.8609271523178808,0.8333333333333334,0.8469055374592834,0.8678071139685797
NextVolSpike,24,Majority,2024-10-04,2025-01-03,882,0.17346938775510204,0.0,0.0,0.0,
NextVolSpike,24,Persistence,2024-10-04,2025-01-03,882,0.17346938775510204,0.5714285714285714,0.6535947712418301,0.6097560975609756,
NextVolSpike,24,LogisticRegression,2024-10-04,2025-01-03,882,0.17346938775510204,0.5707317073170731,0.7647058823529411,0.6536312849162011,0.7190886259828073
NextVolSpike,24,LightGBM,2024-10-04,2025-01-03,882,0.17346938775510204,0.5181818181818182,0.7450980392156863,0.6112600536193029,0.7449542001026365
NextVolSpike,24,XGBoost,2024-10-04,2025-01-03,882,0.17346938775510204,0.6484848484848484,0.6993464052287581,0.6729559748427673,0.7551670642223325
NextVolSpike,24,MatchedNaive,2024-10-04,2025-01-03,882,0.17346938775510204,0.8580645161290322,0.869281045751634,0.8636363636363636,0.8713730092840255
NextVolSpike,24,HAR,2024-10-04,2025-01-03,882,0.17346938775510204,0.8666666666666667,0.8496732026143791,0.858085808580858,0.8853538429757579
NextVolSpike,25,Majority,2025-01-06,2025-04-07,882,0.36621315192743764,0.0,0.0,0.0,
NextVolSpike,25,Persistence,2025-01-06,2025-04-07,882,0.36621315192743764,0.692,0.5356037151702786,0.6038394415357766,
NextVolSpike,25,LogisticRegression,2025-01-06,2025-04-07,882,0.36621315192743764,0.6235011990407674,0.804953560371517,0.7027027027027027,0.7826690829698343
NextVolSpike,25,LightGBM,2025-01-06,2025-04-07,882,0.36621315192743764,0.6096491228070176,0.8606811145510835,0.7137355584082157,0.7990742464106935
NextVolSpike,25,XGBoost,2025-01-06,2025-04-07,882,0.36621315192743764,0.6503667481662592,0.8235294117647058,0.726775956284153,0.7997166588077658
NextVolSpike,25,MatchedNaive,2025-01-06,2025-04-07,882,0.36621315192743764,0.9067524115755627,0.8730650154798761,0.889589905362776,0.940832347960939
NextVolSpike,25,HAR,2025-01-06,2025-04-07,882,0.36621315192743764,0.9087947882736156,0.8637770897832817,0.8857142857142857,0.9417172787524519
NextVolSpike,26,Majority,2025-04-08,2025-07-09,882,0.3741496598639456,0.0,0.0,0.0,
NextVolSpike,26,Persistence,2025-04-08,2025-07-09,882,0.3741496598639456,0.7801204819277109,0.7848484848484848,0.7824773413897281,
NextVolSpike,26,LogisticRegression,2025-04-08,2025-07-09,882,0.3741496598639456,0.7314148681055156,0.9242424242424242,0.8165997322623829,0.9097067289522678
NextVolSpike,26,LightGBM,2025-04-08,2025-07-09,882,0.3741496598639456,0.7323943661971831,0.9454545454545454,0.8253968253968254,0.9230228432833528
NextVolSpike,26,XGBoost,2025-04-08,2025-07-09,882,0.3741496598639456,0.7556109725685786,0.9181818181818182,0.8290013679890561,0.9205501218453891
NextVolSpike,26,MatchedNaive,2025-04-08,2025-07-09,882,0.3741496598639456,0.9149560117302052,0.9454545454545454,0.9299552906110283,0.9647490356199664
NextVolSpike,26,HAR,2025-04-08,2025-07-09,882,0.3741496598639456,0.9263803680981595,0.9151515151515152,0.9207317073170732,0.9636778175354156
NextVolSpike,27,Majority,2025-07-10,2025-10-07,882,0.11564625850340136,0.0,0.0,0.0,
NextVolSpike,27,Persistence,2025-07-10,2025-10-07,882,0.11564625850340136,0.5474452554744526,0.7352941176470589,0.6276150627615062,
NextVolSpike,27,LogisticRegression,2025-07-10,2025-10-07,882,0.11564625850340136,0.5194805194805194,0.7843137254901961,0.625,0.6333044843853327
NextVolSpike,27,LightGBM,2025-07-10,2025-10-07,882,0.11564625850340136,0.4823529411764706,0.803921568627451,0.6029411764705882,0.7339534690031317
NextVolSpike,27,XGBoost,2025-07-10,2025-10-07,882,0.11564625850340136,0.535483870967742,0.8137254901960784,0.6459143968871596,0.7655779415778878
NextVolSpike,27,MatchedNaive,2025-07-10,2025-10-07,882,0.11564625850340136,0.8653846153846154,0.8823529411764706,0.8737864077669902,0.8493237442084733
NextVolSpike,27,HAR,2025-07-10,2025-10-07,882,0.11564625850340136,0.87,0.8529411764705882,0.8613861386138614,0.8477044680104853
NextVolSpike,28,Majority,2025-10-08,2026-01-07,882,0.1360544217687075,0.0,0.0,0.0,
NextVolSpike,28,Persistence,2025-10-08,2026-01-07,882,0.1360544217687075,0.4,0.5833333333333334,0.4745762711864407,
NextVolSpike,28,LogisticRegression,2025-10-08,2026-01-07,882,0.1360544217687075,0.3659574468085106,0.7166666666666667,0.48450704225352115,0.3870937172163755
NextVolSpike,28,LightGBM,2025-10-08,2026-01-07,882,0.1360544217687075,0.3843137254901961,0.8166666666666667,0.5226666666666666,0.4240328398361231
NextVolSpike,28,XGBoost,2025-10-08,2026-01-07,882,0.1360544217687075,0.4166666666666667,0.7916666666666666,0.5459770114942529,0.47495402386464747
NextVolSpike,28,MatchedNaive,2025-10-08,2026-01-07,882,0.1360544217687075,0.8632478632478633,0.8416666666666667,0.8523206751054853,0.8620976376208604
NextVolSpike,28,HAR,2025-10-08,2026-01-07,882,0.1360544217687075,0.8403361344537815,0.8333333333333334,0.8368200836820083,0.8564469402871957
NextVolSpike,29,Majority,2026-01-08,2026-01-21,126,0.24603174603174602,0.0,0.0,0.0,
NextVolSpike,29,Persistence,2026-01-08,2026-01-21,126,0.24603174603174602,0.9,0.5806451612903226,0.7058823529411765,
NextVolSpike,29,LogisticRegression,2026-01-08,2026-01-21,126,0.24603174603174602,0.6470588235294118,0.7096774193548387,0.676923076923077,0.7217847636933338
NextVolSpike,29,LightGBM,2026-01-08,2026-01-21,126,0.24603174603174602,0.6904761904761905,0.9354838709677419,0.7945205479452054,0.8169990846726741
NextVolSpike,29,XGBoost,2026-01-08,2026-01-21,126,0.24603174603174602,0.717948717948718,0.9032258064516129,0.8,0.801718140857067
NextVolSpike,29,MatchedNaive,2026-01-08,2026-01-21,126,0.24603174603174602,0.90625,0.9354838709677419,0.9206349206349206,0.9611242610749308
NextVolSpike,29,HAR,2026-01-08,2026-01-21,126,0.24603174603174602,0.9354838709677419,0.9354838709677419,0.9354838709677419,0.9666702275116708
FwdVolRegime,1,Majority,2019-01-02,2019-04-02,882,0.14852607709750568,0.0,0.0,0.0,
FwdVolRegime,1,Persistence,2019-01-02,2019-04-02,882,0.14852607709750568,0.27586206896551724,0.48854961832061067,0.3526170798898072,
FwdVolRegime,1,LogisticRegression,2019-01-02,2019-04-02,882,0.14852607709750568,0.2711864406779661,0.732824427480916,0.3958762886597938,0.26733386865135306
FwdVolRegime,1,LightGBM,2019-01-02,2019-04-02,882,0.14852607709750568,0.1752808988764045,0.5954198473282443,0.2708333333333333,0.20104537320180896
FwdVolRegime,1,XGBoost,2019-01-02,2019-04-02,882,0.14852607709750568,0.16199376947040497,0.3969465648854962,0.23008849557522124,0.1638986772101263
FwdVolRegime,1,MatchedNaive,2019-01-02,2019-04-02,882,0.14852607709750568,0.23809523809523808,0.4198473282442748,0.30386740331491713,0.23623209483922308
FwdVolRegime,1,HAR,2019-01-02,2019-04-02,882,0.14852607709750568,0.26356589147286824,0.5190839694656488,0.3496143958868895,0.2220737434781285
FwdVolRegime,2,Majority,2019-04-03,2019-07-02,882,0.17346938775510204,0.0,0.0,0.0,
FwdVolRegime,2,Persistence,2019-04-03,2019-07-02,882,0.17346938775510204,0.1875,0.1568627450980392,0.1708185053380783,
FwdVolRegime,2,LogisticRegression,2019-04-03,2019-07-02,882,0.17346938775510204,0.22761194029850745,0.39869281045751637,0.28978622327790976,0.25590593388767247
FwdVolRegime,2,LightGBM,2019-04-03,2019-07-02,882,0.17346938775510204,0.23389830508474577,0.45098039215686275,0.3080357142857143,0.22783041553083783
FwdVolRegime,2,XGBoost,2019-04-03,2019-07-02,882,0.17346938775510204,0.2835820895522388,0.37254901960784315,0.3220338983050847,0.24353925394652437
FwdVolRegime,2,MatchedNaive,2019-04-03,2019-07-02,882,0.17346938775510204,0.32386363636363635,0.37254901960784315,0.3465045592705167,0.3005657467846751
FwdVolRegime,2,HAR,2019-04-03,2019-07-02,882,0.17346938775510204,0.25274725274725274,0.1503267973856209,0.1885245901639344,0.2626372979937611
FwdVolRegime,3,Majority,2019-07-03,2019-10-01,882,0.21768707482993196,0.0,0.0,0.0,
FwdVolRegime,3,Persistence,2019-07-03,2019-10-01,882,0.21768707482993196,0.3609022556390977,0.25,0.2953846153846154,
FwdVolRegime,3,LogisticRegression,2019-07-03,2019-10-01,882,0.21768707482993196,0.2784090909090909,0.5104166666666666,0.3602941176470588,0.27008987947773866
FwdVolRegime,3,LightGBM,2019-07-03,2019-10-01,882,0.21768707482993196,0.2599388379204893,0.4427083333333333,0.32755298651252407,0.2576182893147012
FwdVolRegime,3,XGBoost,2019-07-03,2019-10-01,882,0.21768707482993196,0.25448028673835127,0.3697916666666667,0.30148619957537154,0.2639000706504556
FwdVolRegime,3,MatchedNaive,2019-07-03,2019-10-01,882,0.21768707482993196,0.33714285714285713,0.3072916666666667,0.3215258855585831,0.28250690318781035
FwdVolRegime,3,HAR,2019-07-03,2019-10-01,882,0.21768707482993196,0.14893617021276595,0.07291666666666667,0.0979020979020979,0.20534025249945473
FwdVolRegime,4,Majority,2019-10-02,2019-12-31,882,0.05555555555555555,0.0,0.0,0.0,
FwdVolRegime,4,Persistence,2019-10-02,2019-12-31,882,0.05555555555555555,0.10294117647058823,0.14285714285714285,0.11965811965811966,
FwdVolRegime,4,LogisticRegression,2019-10-02,2019-12-31,882,0.05555555555555555,0.03418803418803419,0.08163265306122448,0.04819277108433735,0.062474860891052295
FwdVolRegime,4,LightGBM,2019-10-02,2019-12-31,882,0.05555555555555555,0.03205128205128205,0.10204081632653061,0.04878048780487805,0.059205313035750516
FwdVolRegime,4,XGBoost,2019-10-02,2019-12-31,882,0.05555555555555555,0.045454545454545456,0.10204081632653061,0.06289308176100629,0.05969929239577416
FwdVolRegime,4,MatchedNaive,2019-10-02,2019-12-31,882,0.05555555555555555,0.043478260869565216,0.04081632653061224,0.042105263157894736,0.07410092149837365
FwdVolRegime,4,HAR,2019-10-02,2019-12-31,882,0.05555555555555555,0.10526315789473684,0.04081632653061224,0.058823529411764705,0.10375067737114205
FwdVolRegime,5,Majority,2020-01-02,2020-04-01,882,0.6836734693877551,0.0,0.0,0.0,
FwdVolRegime,5,Persistence,2020-01-02,2020-04-01,882,0.6836734693877551,0.9122807017543859,0.6898839137645107,0.785646836638338,
FwdVolRegime,5,LogisticRegression,2020-01-02,2020-04-01,882,0.6836734693877551,0.9005736137667304,0.7810945273631841,0.8365896980461812,0.9514234090795151
FwdVolRegime,5,LightGBM,2020-01-02,2020-04-01,882,0.6836734693877551,0.8824742268041237,0.7097844112769486,0.7867647058823529,0.9274628218403891
FwdVolRegime,5,XGBoost,2020-01-02,2020-04-01,882,0.6836734693877551,0.910025706940874,0.5870646766169154,0.7137096774193549,0.9050759019948753
FwdVolRegime,5,MatchedNaive,2020-01-02,2020-04-01,882,0.6836734693877551,0.8775933609958506,0.7014925373134329,0.7797235023041474,0.9303263231147484
FwdVolRegime,5,HAR,2020-01-02,2020-04-01,882,0.6836734693877551,0.9943342776203966,0.582089552238806,0.7343096234309623,0.9227832012916026
FwdVolRegime,6,Majority,2020-04-02,2020-07-01,882,0.6972789115646258,0.0,0.0,0.0,
FwdVolRegime,6,Persistence,2020-04-02,2020-07-01,882,0.6972789115646258,0.7871362940275651,0.8357723577235773,0.8107255520504731,
FwdVolRegime,6,LogisticRegression,2020-04-02,2020-07-01,882,0.6972789115646258,0.6958997722095672,0.9934959349593496,0.8184862692565305,0.8367821800477189
FwdVolRegime,6,LightGBM,2020-04-02,2020-07-01,882,0.6972789115646258,0.7097591888466414,0.9105691056910569,0.7977207977207977,0.8258784106840678
FwdVolRegime,6,XGBoost,2020-04-02,2020-07-01,882,0.6972789115646258,0.7049180327868853,0.8390243902439024,0.7661469933184856,0.7720061370445093
FwdVolRegime,6,MatchedNaive,2020-04-02,2020-07-01,882,0.6972789115646258,0.8305343511450382,0.8845528455284553,0.8566929133858268,0.9444725329859041
FwdVolRegime,6,HAR,2020-04-02,2020-07-01,882,0.6972789115646258,0.8180451127819549,0.8845528455284553,0.85,0.9437037010279418
FwdVolRegime,7,Majority,2020-07-02,2020-09-30,882,0.5612244897959183,0.0,0.0,0.0,
FwdVolRegime,7,Persistence,2020-07-02,2020-09-30,882,0.5612244897959183,0.6280788177339901,0.5151515151515151,0.5660377358490566,
FwdVolRegime,7,LogisticRegression,2020-07-02,2020-09-30,882,0.5612244897959183,0.5607264472190693,0.997979797979798,0.7180232558139535,0.6836701809325814
FwdVolRegime,7,LightGBM,2020-07-02,2020-09-30,882,0.5612244897959183,0.5958041958041959,0.8606060606060606,0.7041322314049587,0.6731816429199649
FwdVolRegime,7,XGBoost,2020-07-02,2020-09-30,882,0.5612244897959183,0.6190476190476191,0.7353535353535353,0.6722068328716528,0.6517467375637246
FwdVolRegime,7,MatchedNaive,2020-07-02,2020-09-30,882,0.5612244897959183,0.620754716981132,0.6646464646464646,0.6419512195121951,0.6128802051014761
FwdVolRegime,7,HAR,2020-07-02,2020-09-30,882,0.5612244897959183,0.5972495088408645,0.6141414141414141,0.6055776892430279,0.6552162444255867
FwdVolRegime,8,Majority,2020-10-01,2020-12-30,882,0.3673469387755102,0.0,0.0,0.0,
FwdVolRegime,8,Persistence,2020-10-01,2020-12-30,882,0.3673469387755102,0.5626822157434402,0.595679012345679,0.5787106446776612,
FwdVolRegime,8,LogisticRegression,2020-10-01,2020-12-30,882,0.3673469387755102,0.3724137931034483,1.0,0.542713567839196,0.7363764778382544
FwdVolRegime,8,LightGBM,2020-10-01,2020-12-30,882,0.3673469387755102,0.39746835443037976,0.9691358024691358,0.5637342908438061,0.6479366492655951
FwdVolRegime,8,XGBoost,2020-10-01,2020-12-30,882,0.3673469387755102,0.41358024691358025,0.8271604938271605,0.551440329218107,0.5949145567760781
FwdVolRegime,8,MatchedNaive,2020-10-01,2020-12-30,882,0.3673469387755102,0.5397260273972603,0.6080246913580247,0.5718432510885341,0.6537063453441011
FwdVolRegime,8,HAR,2020-10-01,2020-12-30,882,0.3673469387755102,0.47493403693931396,0.5555555555555556,0.5120910384068279,0.5982847689164514
FwdVolRegime,9,Majority,2020-12-31,2021-04-01,882,0.29931972789115646,0.0,0.0,0.0,
FwdVolRegime,9,Persistence,2020-12-31,2021-04-01,882,0.29931972789115646,0.41472868217054265,0.4053030303030303,0.4099616858237548,
FwdVolRegime,9,LogisticRegression,2020-12-31,2021-04-01,882,0.29931972789115646,0.32857142857142857,0.9583333333333334,0.48936170212765956,0.3684707478755163
FwdVolRegime,9,LightGBM,2020-12-31,2021-04-01,882,0.29931972789115646,0.3211567732115677,0.7992424242424242,0.4581976112920738,0.3457487181097386
FwdVolRegime,9,XGBoost,2020-12-31,2021-04-01,882,0.29931972789115646,0.32509505703422054,0.6477272727272727,0.43291139240506327,0.329338312782099
FwdVolRegime,9,MatchedNaive,2020-12-31,2021-04-01,882,0.29931972789115646,0.41155234657039713,0.4318181818181818,0.4214417744916821,0.3441363658212152
FwdVolRegime,9,HAR,2020-12-31,2021-04-01,882,0.29931972789115646,0.35148514851485146,0.2689393939393939,0.30472103004291845,0.3125373023769493
FwdVolRegime,10,Majority,2021-04-05,2021-07-01,882,0.04195011337868481,0.0,0.0,0.0,
FwdVolRegime,10,Persistence,2021-04-05,2021-07-01,882,0.04195011337868481,0.0,0.0,0.0,
FwdVolRegime,10,LogisticRegression,2021-04-05,2021-07-01,882,0.04195011337868481,0.04433497536945813,0.24324324324324326,0.075,0.04765784809855162
FwdVolRegime,10,LightGBM,2021-04-05,2021-07-01,882,0.04195011337868481,0.038314176245210725,0.2702702702702703,0.06711409395973154,0.041538871930146284
FwdVolRegime,10,XGBoost,2021-04-05,2021-07-01,882,0.04195011337868481,0.028112449799196786,0.1891891891891892,0.04895104895104895,0.03977613630328648
FwdVolRegime,10,MatchedNaive,2021-04-05,2021-07-01,882,0.04195011337868481,0.02564102564102564,0.02702702702702703,0.02631578947368421,0.05690802554363798
FwdVolRegime,10,HAR,2021-04-05,2021-07-01,882,0.04195011337868481,0.0,0.0,0.0,0.049679074699494175
FwdVolRegime,11,Majority,2021-07-02,2021-09-30,882,0.10657596371882086,0.0,0.0,0.0,
FwdVolRegime,11,Persistence,2021-07-02,2021-09-30,882,0.10657596371882086,0.08695652173913043,0.0851063829787234,0.08602150537634409,
FwdVolRegime,11,LogisticRegression,2021-07-02,2021-09-30,882,0.10657596371882086,0.1413427561837456,0.425531914893617,0.21220159151193635,0.16934024689834695
FwdVolRegime,11,LightGBM,2021-07-02,2021-09-30,882,0.10657596371882086,0.14285714285714285,0.3829787234042553,0.20809248554913296,0.16398614833678155
FwdVolRegime,11,XGBoost,2021-07-02,2021-09-30,882,0.10657596371882086,0.1267605633802817,0.2872340425531915,0.1758957654723127,0.14714819301852672
FwdVolRegime,11,MatchedNaive,2021-07-02,2021-09-30,882,0.10657596371882086,0.08333333333333333,0.07446808510638298,0.07865168539325842,0.12230455337581171
FwdVolRegime,11,HAR,2021-07-02,2021-09-30,882,0.10657596371882086,0.0,0.0,0.0,0.10150526132700648
FwdVolRegime,12,Majority,2021-10-01,2021-12-30,882,0.23242630385487528,0.0,0.0,0.0,
FwdVolRegime,12,Persistence,2021-10-01,2021-12-30,882,0.23242630385487528,0.41706161137440756,0.4292682926829268,0.4230769230769231,
FwdVolRegime,12,LogisticRegression,2021-10-01,2021-12-30,882,0.23242630385487528,0.3012658227848101,0.5804878048780487,0.39666666666666667,0.3825567920486229
FwdVolRegime,12,LightGBM,2021-10-01,2021-12-30,882,0.23242630385487528,0.346031746031746,0.5317073170731708,0.41923076923076924,0.41090987541147744
FwdVolRegime,12,XGBoost,2021-10-01,2021-12-30,882,0.23242630385487528,0.3471698113207547,0.44878048780487806,0.39148936170212767,0.36402931887175216
FwdVolRegime,12,MatchedNaive,2021-10-01,2021-12-30,882,0.23242630385487528,0.357487922705314,0.36097560975609755,0.3592233009708738,0.3062370431835943
FwdVolRegime,12,HAR,2021-10-01,2021-12-30,882,0.23242630385487528,0.2631578947368421,0.14634146341463414,0.18808777429467086,0.24341443373809474
FwdVolRegime,13,Majority,2021-12-31,2022-03-31,882,0.5102040816326531,0.0,0.0,0.0,
FwdVolRegime,13,Persistence,2021-12-31,2022-03-31,882,0.5102040816326531,0.5672823218997362,0.4777777777777778,0.5186972255729795,
FwdVolRegime,13,LogisticRegression,2021-12-31,2022-03-31,882,0.5102040816326531,0.5720279720279721,0.9088888888888889,0.7021459227467811,0.7051212338205697
FwdVolRegime,13,LightGBM,2021-12-31,2022-03-31,882,0.5102040816326531,0.5990712074303406,0.86,0.7062043795620438,0.6862430364806641
FwdVolRegime,13,XGBoost,2021-12-31,2022-03-31,882,0.5102040816326531,0.6215277777777778,0.7955555555555556,0.6978557504873294,0.6971888459354212
FwdVolRegime,13,MatchedNaive,2021-12-31,2022-03-31,882,0.5102040816326531,0.5812356979405034,0.5644444444444444,0.5727170236753101,0.5892464611643831
FwdVolRegime,13,HAR,2021-12-31,2022-03-31,882,0.5102040816326531,0.5613079019073569,0.4577777777777778,0.5042839657282742,0.5682710307195088
FwdVolRegime,14,Majority,2022-04-01,2022-07-01,882,0.691609977324263,0.0,0.0,0.0,
FwdVolRegime,14,Persistence,2022-04-01,2022-07-01,882,0.691609977324263,0.78125,0.5737704918032787,0.6616257088846881,
FwdVolRegime,14,LogisticRegression,2022-04-01,2022-07-01,882,0.691609977324263,0.7207317073170731,0.9688524590163935,0.8265734265734266,0.7826150565452596
FwdVolRegime,14,LightGBM,2022-04-01,2022-07-01,882,0.691609977324263,0.7334183673469388,0.9426229508196722,0.8249641319942611,0.786031924255471
FwdVolRegime,14,XGBoost,2022-04-01,2022-07-01,882,0.691609977324263,0.724,0.8901639344262295,0.7985294117647059,0.7829436784846446
FwdVolRegime,14,MatchedNaive,2022-04-01,2022-07-01,882,0.691609977324263,0.740072202166065,0.6721311475409836,0.7044673539518901,0.7689887798952817
FwdVolRegime,14,HAR,2022-04-01,2022-07-01,882,0.691609977324263,0.7126436781609196,0.6098360655737705,0.657243816254417,0.7448627271644068
FwdVolRegime,15,Majority,2022-07-05,2022-09-30,882,0.3820861678004535,0.0,0.0,0.0,
FwdVolRegime,15,Persistence,2022-07-05,2022-09-30,882,0.3820861678004535,0.37282229965156793,0.31750741839762614,0.34294871794871795,
FwdVolRegime,15,LogisticRegression,2022-07-05,2022-09-30,882,0.3820861678004535,0.40973111395646605,0.9495548961424333,0.5724508050089445,0.4860591446329379
FwdVolRegime,15,LightGBM,2022-07-05,2022-09-30,882,0.3820861678004535,0.4333821376281113,0.8783382789317508,0.5803921568627451,0.48526015951958784
FwdVolRegime,15,XGBoost,2022-07-05,2022-09-30,882,0.3820861678004535,0.43543046357615894,0.7804154302670623,0.5589798087141339,0.4773851266623856
FwdVolRegime,15,MatchedNaive,2022-07-05,2022-09-30,882,0.3820861678004535,0.3838383838383838,0.33827893175074186,0.35962145110410093,0.41277640131880683
FwdVolRegime,15,HAR,2022-07-05,2022-09-30,882,0.3820861678004535,0.3843137254901961,0.29080118694362017,0.3310810810810811,0.40621596249622804
FwdVolRegime,16,Majority,2022-10-03,2022-12-30,882,0.3435374149659864,0.0,0.0,0.0,
FwdVolRegime,16,Persistence,2022-10-03,2022-12-30,882,0.3435374149659864,0.4714285714285714,0.5445544554455446,0.5053598774885145,
FwdVolRegime,16,LogisticRegression,2022-10-03,2022-12-30,882,0.3435374149659864,0.39544235924932974,0.9735973597359736,0.5624404194470924,0.5073096531902451
FwdVolRegime,16,LightGBM,2022-10-03,2022-12-30,882,0.3435374149659864,0.40233236151603496,0.9108910891089109,0.5581395348837209,0.5332490289271707
FwdVolRegime,16,XGBoost,2022-10-03,2022-12-30,882,0.3435374149659864,0.424,0.8745874587458746,0.5711206896551724,0.513740525424609
FwdVolRegime,16,MatchedNaive,2022-10-03,2022-12-30,882,0.3435374149659864,0.4254742547425474,0.5181518151815182,0.46726190476190477,0.40677911336447775
FwdVolRegime,16,HAR,2022-10-03,2022-12-30,882,0.3435374149659864,0.44954128440366975,0.48514851485148514,0.4666666666666667,0.4008825798502891
FwdVolRegime,17,Majority,2023-01-03,2023-04-03,882,0.18027210884353742,0.0,0.0,0.0,
FwdVolRegime,17,Persistence,2023-01-03,2023-04-03,882,0.18027210884353742,0.2651162790697674,0.3584905660377358,0.3048128342245989,
FwdVolRegime,17,LogisticRegression,2023-01-03,2023-04-03,882,0.18027210884353742,0.21978021978021978,0.6289308176100629,0.3257328990228013,0.22277086281001285
FwdVolRegime,17,LightGBM,2023-01-03,2023-04-03,882,0.18027210884353742,0.20512820512820512,0.4528301886792453,0.2823529411764706,0.2188233438344916
FwdVolRegime,17,XGBoost,2023-01-03,2023-04-03,882,0.18027210884353742,0.21568627450980393,0.41509433962264153,0.2838709677419355,0.22916574168179504
FwdVolRegime,17,MatchedNaive,2023-01-03,2023-04-03,882,0.18027210884353742,0.287292817679558,0.3270440251572327,0.3058823529411765,0.24336421698616598
FwdVolRegime,17,HAR,2023-01-03,2023-04-03,882,0.18027210884353742,0.2549019607843137,0.16352201257861634,0.19923371647509577,0.2105647793342022
FwdVolRegime,18,Majority,2023-04-04,2023-07-05,882,0.048752834467120185,0.0,0.0,0.0,
FwdVolRegime,18,Persistence,2023-04-04,2023-07-05,882,0.048752834467120185,0.0,0.0,0.0,
FwdVolRegime,18,LogisticRegression,2023-04-04,2023-07-05,882,0.048752834467120185,0.06451612903225806,0.13953488372093023,0.08823529411764706,0.07277904903498053
FwdVolRegime,18,LightGBM,2023-04-04,2023-07-05,882,0.048752834467120185,0.04201680672268908,0.11627906976744186,0.06172839506172839,0.06153732038663402
FwdVolRegime,18,XGBoost,2023-04-04,2023-07-05,882,0.048752834467120185,0.058823529411764705,0.16279069767441862,0.08641975308641975,0.05905804891187169
FwdVolRegime,18,MatchedNaive,2023-04-04,2023-07-05,882,0.048752834467120185,0.0,0.0,0.0,0.0437212674725868
FwdVolRegime,18,HAR,2023-04-04,2023-07-05,882,0.048752834467120185,0.0,0.0,0.0,0.042413559501565855
FwdVolRegime,19,Majority,2023-07-06,2023-10-03,882,0.09183673469387756,0.0,0.0,0.0,
FwdVolRegime,19,Persistence,2023-07-06,2023-10-03,882,0.09183673469387756,0.020833333333333332,0.024691358024691357,0.022598870056497175,
FwdVolRegime,19,LogisticRegression,2023-07-06,2023-10-03,882,0.09183673469387756,0.024691358024691357,0.024691358024691357,0.024691358024691357,0.08313928243778851
FwdVolRegime,19,LightGBM,2023-07-06,2023-10-03,882,0.09183673469387756,0.09558823529411764,0.16049382716049382,0.11981566820276497,0.08744414749567236
FwdVolRegime,19,XGBoost,2023-07-06,2023-10-03,882,0.09183673469387756,0.1,0.1728395061728395,0.12669683257918551,0.10764504857209312
FwdVolRegime,19,MatchedNaive,2023-07-06,2023-10-03,882,0.09183673469387756,0.0,0.0,0.0,0.08994387407647166
FwdVolRegime,19,HAR,2023-07-06,2023-10-03,882,0.09183673469387756,0.0,0.0,0.0,0.11612383140180144
FwdVolRegime,20,Majority,2023-10-04,2024-01-03,882,0.07936507936507936,0.0,0.0,0.0,
FwdVolRegime,20,Persistence,2023-10-04,2024-01-03,882,0.07936507936507936,0.016666666666666666,0.02857142857142857,0.021052631578947368,
FwdVolRegime,20,LogisticRegression,2023-10-04,2024-01-03,882,0.07936507936507936,0.15172413793103448,0.3142857142857143,0.20465116279069767,0.12879852006304418
FwdVolRegime,20,LightGBM,2023-10-04,2024-01-03,882,0.07936507936507936,0.15384615384615385,0.22857142857142856,0.1839080459770115,0.13267396944009438
FwdVolRegime,20,XGBoost,2023-10-04,2024-01-03,882,0.07936507936507936,0.1134020618556701,0.15714285714285714,0.1317365269461078,0.11367844671696077
FwdVolRegime,20,MatchedNaive,2023-10-04,2024-01-03,882,0.07936507936507936,0.0,0.0,0.0,0.0826608465832961
FwdVolRegime,20,HAR,2023-10-04,2024-01-03,882,0.07936507936507936,0.0125,0.014285714285714285,0.013333333333333334,0.08765966094037998
FwdVolRegime,21,Majority,2024-01-04,2024-04-04,882,0.0963718820861678,0.0,0.0,0.0,
FwdVolRegime,21,Persistence,2024-01-04,2024-04-04,882,0.0963718820861678,0.13008130081300814,0.18823529411764706,0.15384615384615385,
FwdVolRegime,21,LogisticRegression,2024-01-04,2024-04-04,882,0.0963718820861678,0.14583333333333334,0.08235294117647059,0.10526315789473684,0.11883704531579856
FwdVolRegime,21,LightGBM,2024-01-04,2024-04-04,882,0.0963718820861678,0.3333333333333333,0.16470588235294117,0.2204724409448819,0.19749436097942816
FwdVolRegime,21,XGBoost,2024-01-04,2024-04-04,882,0.0963718820861678,0.21818181818181817,0.1411764705882353,0.17142857142857143,0.16625517216687546
FwdVolRegime,21,MatchedNaive,2024-01-04,2024-04-04,882,0.0963718820861678,0.08235294117647059,0.08235294117647059,0.08235294117647059,0.12748440307084655
FwdVolRegime,21,HAR,2024-01-04,2024-04-04,882,0.0963718820861678,0.18181818181818182,0.07058823529411765,0.1016949152542373,0.09225281951316724
FwdVolRegime,22,Majority,2024-04-05,2024-07-05,882,0.11678004535147392,0.0,0.0,0.0,
FwdVolRegime,22,Persistence,2024-04-05,2024-07-05,882,0.11678004535147392,0.1875,0.23300970873786409,0.2077922077922078,
FwdVolRegime,22,LogisticRegression,2024-04-05,2024-07-05,882,0.11678004535147392,0.2459016393442623,0.14563106796116504,0.18292682926829268,0.19349478376787915
FwdVolRegime,22,LightGBM,2024-04-05,2024-07-05,882,0.11678004535147392,0.3125,0.1941747572815534,0.23952095808383234,0.2111482641365396
FwdVolRegime,22,XGBoost,2024-04-05,2024-07-05,882,0.11678004535147392,0.22727272727272727,0.14563106796116504,0.17751479289940827,0.21942422004564255
FwdVolRegime,22,MatchedNaive,2024-04-05,2024-07-05,882,0.11678004535147392,0.029411764705882353,0.02912621359223301,0.02926829268292683,0.10961060181978356
FwdVolRegime,22,HAR,2024-04-05,2024-07-05,882,0.11678004535147392,0.0,0.0,0.0,0.08681179695838404
FwdVolRegime,23,Majority,2024-07-08,2024-10-03,882,0.18140589569160998,0.0,0.0,0.0,
FwdVolRegime,23,Persistence,2024-07-08,2024-10-03,882,0.18140589569160998,0.265,0.33125,0.29444444444444445,
FwdVolRegime,23,LogisticRegression,2024-07-08,2024-10-03,882,0.18140589569160998,0.1965065502183406,0.28125,0.23136246786632392,0.1856640525551988
FwdVolRegime,23,LightGBM,2024-07-08,2024-10-03,882,0.18140589569160998,0.1708542713567839,0.2125,0.1894150417827298,0.17945460308347355
FwdVolRegime,23,XGBoost,2024-07-08,2024-10-03,882,0.18140589569160998,0.1871345029239766,0.2,0.1933534743202417,0.18310537379753034
FwdVolRegime,23,MatchedNaive,2024-07-08,2024-10-03,882,0.18140589569160998,0.1038961038961039,0.1,0.10191082802547771,0.1730344093997515
FwdVolRegime,23,HAR,2024-07-08,2024-10-03,882,0.18140589569160998,0.041666666666666664,0.01875,0.02586206896551724,0.15270063212889162
FwdVolRegime,24,Majority,2024-10-04,2025-01-03,882,0.18140589569160998,0.0,0.0,0.0,
FwdVolRegime,24,Persistence,2024-10-04,2025-01-03,882,0.18140589569160998,0.3314285714285714,0.3625,0.34626865671641793,
FwdVolRegime,24,LogisticRegression,2024-10-04,2025-01-03,882,0.18140589569160998,0.3411214953271028,0.45625,0.39037433155080214,0.3600869169225636
FwdVolRegime,24,LightGBM,2024-10-04,2025-01-03,882,0.18140589569160998,0.36312849162011174,0.40625,0.3834808259587021,0.31943001706690544
FwdVolRegime,24,XGBoost,2024-10-04,2025-01-03,882,0.18140589569160998,0.37423312883435583,0.38125,0.37770897832817335,0.31948528948080523
FwdVolRegime,24,MatchedNaive,2024-10-04,2025-01-03,882,0.18140589569160998,0.25161290322580643,0.24375,0.24761904761904763,0.22630139081573555
FwdVolRegime,24,HAR,2024-10-04,2025-01-03,882,0.18140589569160998,0.189873417721519,0.09375,0.12552301255230125,0.2052665417891593
FwdVolRegime,25,Majority,2025-01-06,2025-04-07,882,0.4886621315192744,0.0,0.0,0.0,
FwdVolRegime,25,Persistence,2025-01-06,2025-04-07,882,0.4886621315192744,0.612,0.35498839907192575,0.44933920704845814,
FwdVolRegime,25,LogisticRegression,2025-01-06,2025-04-07,882,0.4886621315192744,0.6382978723404256,0.6264501160092807,0.6323185011709602,0.7051537210807011
FwdVolRegime,25,LightGBM,2025-01-06,2025-04-07,882,0.4886621315192744,0.6407035175879398,0.5916473317865429,0.6151990349819059,0.7079482497549581
FwdVolRegime,25,XGBoost,2025-01-06,2025-04-07,882,0.4886621315192744,0.6373333333333333,0.5545243619489559,0.5930521091811415,0.7008565386675811
FwdVolRegime,25,MatchedNaive,2025-01-06,2025-04-07,882,0.4886621315192744,0.6270096463022508,0.45243619489559167,0.5256064690026954,0.5965575097018759
FwdVolRegime,25,HAR,2025-01-06,2025-04-07,882,0.4886621315192744,0.6919642857142857,0.35962877030162416,0.4732824427480916,0.6186861630196625
FwdVolRegime,26,Majority,2025-04-08,2025-07-09,882,0.2562358276643991,0.0,0.0,0.0,
FwdVolRegime,26,Persistence,2025-04-08,2025-07-09,882,0.2562358276643991,0.3483483483483483,0.5132743362831859,0.4150268336314848,
FwdVolRegime,26,LogisticRegression,2025-04-08,2025-07-09,882,0.2562358276643991,0.352549889135255,0.7035398230088495,0.46971935007385524,0.450910686186318
FwdVolRegime,26,LightGBM,2025-04-08,2025-07-09,882,0.2562358276643991,0.38992042440318303,0.6504424778761062,0.48756218905472637,0.4457877921185322
FwdVolRegime,26,XGBoost,2025-04-08,2025-07-09,882,0.2562358276643991,0.38333333333333336,0.6106194690265486,0.4709897610921502,0.42099258028461234
FwdVolRegime,26,MatchedNaive,2025-04-08,2025-07-09,882,0.2562358276643991,0.3255131964809384,0.4911504424778761,0.3915343915343915,0.3288478620240864
FwdVolRegime,26,HAR,2025-04-08,2025-07-09,882,0.2562358276643991,0.35368956743002544,0.6150442477876106,0.4491114701130856,0.35074029995184375
FwdVolRegime,27,Majority,2025-07-10,2025-10-07,882,0.10204081632653061,0.0,0.0,0.0,
FwdVolRegime,27,Persistence,2025-07-10,2025-10-07,882,0.10204081632653061,0.021897810218978103,0.03333333333333333,0.02643171806167401,
FwdVolRegime,27,LogisticRegression,2025-07-10,2025-10-07,882,0.10204081632653061,0.0,0.0,0.0,0.08327285827162154
FwdVolRegime,27,LightGBM,2025-07-10,2025-10-07,882,0.10204081632653061,0.0,0.0,0.0,0.07907564769174882
FwdVolRegime,27,XGBoost,2025-07-10,2025-10-07,882,0.10204081632653061,0.03225806451612903,0.011111111111111112,0.01652892561983471,0.09429826201566133
FwdVolRegime,27,MatchedNaive,2025-07-10,2025-10-07,882,0.10204081632653061,0.07692307692307693,0.08888888888888889,0.08247422680412371,0.08181160068153102
FwdVolRegime,27,HAR,2025-07-10,2025-10-07,882,0.10204081632653061,0.1276595744680851,0.13333333333333333,0.13043478260869565,0.12255322778615033
FwdVolRegime,28,Majority,2025-10-08,2026-01-07,868,0.16013824884792627,0.0,0.0,0.0,
FwdVolRegime,28,Persistence,2025-10-08,2026-01-07,868,0.16013824884792627,0.1781609195402299,0.22302158273381295,0.19808306709265175,
FwdVolRegime,28,LogisticRegression,2025-10-08,2026-01-07,868,0.16013824884792627,0.2237442922374429,0.35251798561151076,0.2737430167597765,0.17878664160431595
FwdVolRegime,28,LightGBM,2025-10-08,2026-01-07,868,0.16013824884792627,0.22875816993464052,0.2517985611510791,0.23972602739726026,0.17853306996807805
FwdVolRegime,28,XGBoost,2025-10-08,2026-01-07,868,0.16013824884792627,0.2,0.22302158273381295,0.2108843537414966,0.1762208546685221
FwdVolRegime,28,MatchedNaive,2025-10-08,2026-01-07,868,0.16013824884792627,0.23478260869565218,0.19424460431654678,0.2125984251968504,0.21329838756230937
FwdVolRegime,28,HAR,2025-10-08,2026-01-07,868,0.16013824884792627,0.045454545454545456,0.02877697841726619,0.03524229074889868,0.20667602343079644
